date,data,codigo,nivel_piezometrico,profundidade_nivel_agua,coord_x_m,coord_y_m,altitude_m,sistema_aquifero,estado,freguesia,nivel
1979-05-01,1979-05-01,418/4,13.91,2.09,135060.0,204980.0,16.0,T7 - ALUVIÕES DO TEJO,SELADO,SAMORA CORREIA,-2.09
1979-06-01,1979-06-01,418/4,13.31,2.69,135060.0,204980.0,16.0,T7 - ALUVIÕES DO TEJO,SELADO,SAMORA CORREIA,-2.69
1979-07-01,1979-07-01,418/4,12.99,3.01,135060.0,204980.0,16.0,T7 - ALUVIÕES DO TEJO,SELADO,SAMORA CORREIA,-3.01
1979-08-01,1979-08-01,418/4,12.84,3.16,135060.0,204980.0,16.0,T7 - ALUVIÕES DO TEJO,SELADO,SAMORA CORREIA,-3.16
1979-09-01,1979-09-01,418/4,12.53,3.47,135060.0,204980.0,16.0,T7 - ALUVIÕES DO TEJO,SELADO,SAMORA CORREIA,-3.47
1979-10-01,1979-10-01,418/4,12.6,3.4,135060.0,204980.0,16.0,T7 - ALUVIÕES DO TEJO,SELADO,SAMORA CORREIA,-3.4
1979-12-01,1979-12-01,418/4,13.15,2.85,135060.0,204980.0,16.0,T7 - ALUVIÕES DO TEJO,SELADO,SAMORA CORREIA,-2.85
1980-01-01,1980-01-01,418/4,13.17,2.83,135060.0,204980.0,16.0,T7 - ALUVIÕES DO TEJO,SELADO,SAMORA CORREIA,-2.83
1980-02-01,1980-02-01,418/4,13.34,2.66,135060.0,204980.0,16.0,T7 - ALUVIÕES DO TEJO,SELADO,SAMORA CORREIA,-2.66
1980-03-01,1980-03-01,418/4,13.46,2.54,135060.0,204980.0,16.0,T7 - ALUVIÕES DO TEJO,SELADO,SAMORA CORREIA,-2.54
1980-04-01,1980-04-01,418/4,13.69,2.31,135060.0,204980.0,16.0,T7 - ALUVIÕES DO TEJO,SELADO,SAMORA CORREIA,-2.31
1980-05-01,1980-05-01,418/4,13.45,2.55,135060.0,204980.0,16.0,T7 - ALUVIÕES DO TEJO,SELADO,SAMORA CORREIA,-2.55
1980-06-01,1980-06-01,418/4,13.08,2.92,135060.0,204980.0,16.0,T7 - ALUVIÕES DO TEJO,SELADO,SAMORA CORREIA,-2.92
1980-07-01,1980-07-01,418/4,12.77,3.23,135060.0,204980.0,16.0,T7 - ALUVIÕES DO TEJO,SELADO,SAMORA CORREIA,-3.23
1980-09-01,1980-09-01,418/4,12.55,3.45,135060.0,204980.0,16.0,T7 - ALUVIÕES DO TEJO,SELADO,SAMORA CORREIA,-3.45
1980-11-01,1980-11-01,418/4,12.49,3.51,135060.0,204980.0,16.0,T7 - ALUVIÕES DO TEJO,SELADO,SAMORA CORREIA,-3.51
1980-12-01,1980-12-01,418/4,12.66,3.34,135060.0,204980.0,16.0,T7 - ALUVIÕES DO TEJO,SELADO,SAMORA CORREIA,-3.34
1981-01-01,1981-01-01,418/4,12.65,3.35,135060.0,204980.0,16.0,T7 - ALUVIÕES DO TEJO,SELADO,SAMORA CORREIA,-3.35
1981-03-01,1981-03-01,418/4,12.6,3.4,135060.0,204980.0,16.0,T7 - ALUVIÕES DO TEJO,SELADO,SAMORA CORREIA,-3.4
1981-05-01,1981-05-01,418/4,12.77,3.23,135060.0,204980.0,16.0,T7 - ALUVIÕES DO TEJO,SELADO,SAMORA CORREIA,-3.23
1981-06-01,1981-06-01,418/4,12.73,3.27,135060.0,204980.0,16.0,T7 - ALUVIÕES DO TEJO,SELADO,SAMORA CORREIA,-3.27
1981-07-01,1981-07-01,418/4,12.68,3.32,135060.0,204980.0,16.0,T7 - ALUVIÕES DO TEJO,SELADO,SAMORA CORREIA,-3.32
1981-09-01,1981-09-01,418/4,12.17,3.83,135060.0,204980.0,16.0,T7 - ALUVIÕES DO TEJO,SELADO,SAMORA CORREIA,-3.83
1981-10-01,1981-10-01,418/4,12.63,3.37,135060.0,204980.0,16.0,T7 - ALUVIÕES DO TEJO,SELADO,SAMORA CORREIA,-3.37
1982-01-01,1982-01-01,418/4,13.91,2.09,135060.0,204980.0,16.0,T7 - ALUVIÕES DO TEJO,SELADO,SAMORA CORREIA,-2.09
1982-03-01,1982-03-01,418/4,13.84,2.16,135060.0,204980.0,16.0,T7 - ALUVIÕES DO TEJO,SELADO,SAMORA CORREIA,-2.16
1982-05-01,1982-05-01,418/4,13.76,2.24,135060.0,204980.0,16.0,T7 - ALUVIÕES DO TEJO,SELADO,SAMORA CORREIA,-2.24
1982-11-01,1982-11-01,418/4,12.4,3.6,135060.0,204980.0,16.0,T7 - ALUVIÕES DO TEJO,SELADO,SAMORA CORREIA,-3.6
1982-12-01,1982-12-01,418/4,12.67,3.33,135060.0,204980.0,16.0,T7 - ALUVIÕES DO TEJO,SELADO,SAMORA CORREIA,-3.33
1983-02-01,1983-02-01,418/4,12.6,3.4,135060.0,204980.0,16.0,T7 - ALUVIÕES DO TEJO,SELADO,SAMORA CORREIA,-3.4
1983-11-01,1983-11-01,418/4,12.15,3.85,135060.0,204980.0,16.0,T7 - ALUVIÕES DO TEJO,SELADO,SAMORA CORREIA,-3.85
1983-12-01,1983-12-01,418/4,13.82,2.18,135060.0,204980.0,16.0,T7 - ALUVIÕES DO TEJO,SELADO,SAMORA CORREIA,-2.18
1984-04-01,1984-04-01,418/4,13.84,2.16,135060.0,204980.0,16.0,T7 - ALUVIÕES DO TEJO,SELADO,SAMORA CORREIA,-2.16
1984-05-01,1984-05-01,418/4,13.52,2.48,135060.0,204980.0,16.0,T7 - ALUVIÕES DO TEJO,SELADO,SAMORA CORREIA,-2.48
1984-06-01,1984-06-01,418/4,13.54,2.46,135060.0,204980.0,16.0,T7 - ALUVIÕES DO TEJO,SELADO,SAMORA CORREIA,-2.46
1984-07-01,1984-07-01,418/4,13.12,2.88,135060.0,204980.0,16.0,T7 - ALUVIÕES DO TEJO,SELADO,SAMORA CORREIA,-2.88
1984-10-01,1984-10-01,418/4,12.35,3.65,135060.0,204980.0,16.0,T7 - ALUVIÕES DO TEJO,SELADO,SAMORA CORREIA,-3.65
1984-11-01,1984-11-01,418/4,12.47,3.53,135060.0,204980.0,16.0,T7 - ALUVIÕES DO TEJO,SELADO,SAMORA CORREIA,-3.53
1985-02-01,1985-02-01,418/4,13.78,2.22,135060.0,204980.0,16.0,T7 - ALUVIÕES DO TEJO,SELADO,SAMORA CORREIA,-2.22
1985-05-01,1985-05-01,418/4,13.94,2.06,135060.0,204980.0,16.0,T7 - ALUVIÕES DO TEJO,SELADO,SAMORA CORREIA,-2.06
1985-09-01,1985-09-01,418/4,12.5,3.5,135060.0,204980.0,16.0,T7 - ALUVIÕES DO TEJO,SELADO,SAMORA CORREIA,-3.5
1985-11-01,1985-11-01,418/4,12.67,3.33,135060.0,204980.0,16.0,T7 - ALUVIÕES DO TEJO,SELADO,SAMORA CORREIA,-3.33
1986-03-01,1986-03-01,418/4,13.65,2.35,135060.0,204980.0,16.0,T7 - ALUVIÕES DO TEJO,SELADO,SAMORA CORREIA,-2.35
1986-04-01,1986-04-01,418/4,13.52,2.48,135060.0,204980.0,16.0,T7 - ALUVIÕES DO TEJO,SELADO,SAMORA CORREIA,-2.48
1986-05-01,1986-05-01,418/4,13.34,2.66,135060.0,204980.0,16.0,T7 - ALUVIÕES DO TEJO,SELADO,SAMORA CORREIA,-2.66
1986-06-01,1986-06-01,418/4,13.1,2.9,135060.0,204980.0,16.0,T7 - ALUVIÕES DO TEJO,SELADO,SAMORA CORREIA,-2.9
1986-07-01,1986-07-01,418/4,12.39,3.61,135060.0,204980.0,16.0,T7 - ALUVIÕES DO TEJO,SELADO,SAMORA CORREIA,-3.61
1986-09-01,1986-09-01,418/4,12.22,3.78,135060.0,204980.0,16.0,T7 - ALUVIÕES DO TEJO,SELADO,SAMORA CORREIA,-3.78
1986-11-01,1986-11-01,418/4,12.22,3.78,135060.0,204980.0,16.0,T7 - ALUVIÕES DO TEJO,SELADO,SAMORA CORREIA,-3.78
1987-03-01,1987-03-01,418/4,13.56,2.44,135060.0,204980.0,16.0,T7 - ALUVIÕES DO TEJO,SELADO,SAMORA CORREIA,-2.44
1987-05-01,1987-05-01,418/4,13.38,2.62,135060.0,204980.0,16.0,T7 - ALUVIÕES DO TEJO,SELADO,SAMORA CORREIA,-2.62
1987-06-01,1987-06-01,418/4,13.06,2.94,135060.0,204980.0,16.0,T7 - ALUVIÕES DO TEJO,SELADO,SAMORA CORREIA,-2.94
1987-07-01,1987-07-01,418/4,12.7,3.3,135060.0,204980.0,16.0,T7 - ALUVIÕES DO TEJO,SELADO,SAMORA CORREIA,-3.3
1987-08-01,1987-08-01,418/4,12.35,3.65,135060.0,204980.0,16.0,T7 - ALUVIÕES DO TEJO,SELADO,SAMORA CORREIA,-3.65
1987-09-01,1987-09-01,418/4,12.29,3.71,135060.0,204980.0,16.0,T7 - ALUVIÕES DO TEJO,SELADO,SAMORA CORREIA,-3.71
1987-10-01,1987-10-01,418/4,12.17,3.83,135060.0,204980.0,16.0,T7 - ALUVIÕES DO TEJO,SELADO,SAMORA CORREIA,-3.83
1987-12-01,1987-12-01,418/4,12.39,3.61,135060.0,204980.0,16.0,T7 - ALUVIÕES DO TEJO,SELADO,SAMORA CORREIA,-3.61
1988-01-01,1988-01-01,418/4,13.36,2.64,135060.0,204980.0,16.0,T7 - ALUVIÕES DO TEJO,SELADO,SAMORA CORREIA,-2.64
1988-03-01,1988-03-01,418/4,13.57,2.43,135060.0,204980.0,16.0,T7 - ALUVIÕES DO TEJO,SELADO,SAMORA CORREIA,-2.43
1988-05-01,1988-05-01,418/4,13.33,2.67,135060.0,204980.0,16.0,T7 - ALUVIÕES DO TEJO,SELADO,SAMORA CORREIA,-2.67
1988-06-01,1988-06-01,418/4,13.15,2.85,135060.0,204980.0,16.0,T7 - ALUVIÕES DO TEJO,SELADO,SAMORA CORREIA,-2.85
1988-07-01,1988-07-01,418/4,13.29,2.71,135060.0,204980.0,16.0,T7 - ALUVIÕES DO TEJO,SELADO,SAMORA CORREIA,-2.71
1988-08-01,1988-08-01,418/4,12.94,3.06,135060.0,204980.0,16.0,T7 - ALUVIÕES DO TEJO,SELADO,SAMORA CORREIA,-3.06
1988-09-01,1988-09-01,418/4,12.79,3.21,135060.0,204980.0,16.0,T7 - ALUVIÕES DO TEJO,SELADO,SAMORA CORREIA,-3.21
1988-10-01,1988-10-01,418/4,12.68,3.32,135060.0,204980.0,16.0,T7 - ALUVIÕES DO TEJO,SELADO,SAMORA CORREIA,-3.32
1988-11-01,1988-11-01,418/4,13.12,2.88,135060.0,204980.0,16.0,T7 - ALUVIÕES DO TEJO,SELADO,SAMORA CORREIA,-2.88
1989-01-01,1989-01-01,418/4,13.21,2.79,135060.0,204980.0,16.0,T7 - ALUVIÕES DO TEJO,SELADO,SAMORA CORREIA,-2.79
1989-02-01,1989-02-01,418/4,13.31,2.69,135060.0,204980.0,16.0,T7 - ALUVIÕES DO TEJO,SELADO,SAMORA CORREIA,-2.69
1989-03-01,1989-03-01,418/4,13.42,2.58,135060.0,204980.0,16.0,T7 - ALUVIÕES DO TEJO,SELADO,SAMORA CORREIA,-2.58
1989-04-01,1989-04-01,418/4,13.47,2.53,135060.0,204980.0,16.0,T7 - ALUVIÕES DO TEJO,SELADO,SAMORA CORREIA,-2.53
1989-05-01,1989-05-01,418/4,13.41,2.59,135060.0,204980.0,16.0,T7 - ALUVIÕES DO TEJO,SELADO,SAMORA CORREIA,-2.59
1989-06-01,1989-06-01,418/4,13.25,2.75,135060.0,204980.0,16.0,T7 - ALUVIÕES DO TEJO,SELADO,SAMORA CORREIA,-2.75
1989-08-01,1989-08-01,418/4,12.77,3.23,135060.0,204980.0,16.0,T7 - ALUVIÕES DO TEJO,SELADO,SAMORA CORREIA,-3.23
1989-11-01,1989-11-01,418/4,13.15,2.85,135060.0,204980.0,16.0,T7 - ALUVIÕES DO TEJO,SELADO,SAMORA CORREIA,-2.85
1989-12-01,1989-12-01,418/4,14.65,1.35,135060.0,204980.0,16.0,T7 - ALUVIÕES DO TEJO,SELADO,SAMORA CORREIA,-1.35
1990-01-01,1990-01-01,418/4,14.35,1.65,135060.0,204980.0,16.0,T7 - ALUVIÕES DO TEJO,SELADO,SAMORA CORREIA,-1.65
1990-02-01,1990-02-01,418/4,14.28,1.72,135060.0,204980.0,16.0,T7 - ALUVIÕES DO TEJO,SELADO,SAMORA CORREIA,-1.72
1990-03-01,1990-03-01,418/4,14.05,1.95,135060.0,204980.0,16.0,T7 - ALUVIÕES DO TEJO,SELADO,SAMORA CORREIA,-1.95
1990-04-01,1990-04-01,418/4,13.94,2.06,135060.0,204980.0,16.0,T7 - ALUVIÕES DO TEJO,SELADO,SAMORA CORREIA,-2.06
1990-05-01,1990-05-01,418/4,13.74,2.26,135060.0,204980.0,16.0,T7 - ALUVIÕES DO TEJO,SELADO,SAMORA CORREIA,-2.26
1990-06-01,1990-06-01,418/4,13.41,2.59,135060.0,204980.0,16.0,T7 - ALUVIÕES DO TEJO,SELADO,SAMORA CORREIA,-2.59
1990-08-01,1990-08-01,418/4,12.83,3.17,135060.0,204980.0,16.0,T7 - ALUVIÕES DO TEJO,SELADO,SAMORA CORREIA,-3.17
1990-09-01,1990-09-01,418/4,12.7,3.3,135060.0,204980.0,16.0,T7 - ALUVIÕES DO TEJO,SELADO,SAMORA CORREIA,-3.3
1990-10-01,1990-10-01,418/4,12.79,3.21,135060.0,204980.0,16.0,T7 - ALUVIÕES DO TEJO,SELADO,SAMORA CORREIA,-3.21
1990-11-01,1990-11-01,418/4,13.45,2.55,135060.0,204980.0,16.0,T7 - ALUVIÕES DO TEJO,SELADO,SAMORA CORREIA,-2.55
1991-01-01,1991-01-01,418/4,13.76,2.24,135060.0,204980.0,16.0,T7 - ALUVIÕES DO TEJO,SELADO,SAMORA CORREIA,-2.24
1991-02-01,1991-02-01,418/4,13.88,2.12,135060.0,204980.0,16.0,T7 - ALUVIÕES DO TEJO,SELADO,SAMORA CORREIA,-2.12
1991-03-01,1991-03-01,418/4,14.19,1.81,135060.0,204980.0,16.0,T7 - ALUVIÕES DO TEJO,SELADO,SAMORA CORREIA,-1.81
1991-04-01,1991-04-01,418/4,13.96,2.04,135060.0,204980.0,16.0,T7 - ALUVIÕES DO TEJO,SELADO,SAMORA CORREIA,-2.04
1991-05-01,1991-05-01,418/4,13.75,2.25,135060.0,204980.0,16.0,T7 - ALUVIÕES DO TEJO,SELADO,SAMORA CORREIA,-2.25
1991-06-01,1991-06-01,418/4,13.4,2.6,135060.0,204980.0,16.0,T7 - ALUVIÕES DO TEJO,SELADO,SAMORA CORREIA,-2.6
1991-07-01,1991-07-01,418/4,13.03,2.97,135060.0,204980.0,16.0,T7 - ALUVIÕES DO TEJO,SELADO,SAMORA CORREIA,-2.97
1991-09-01,1991-09-01,418/4,12.6,3.4,135060.0,204980.0,16.0,T7 - ALUVIÕES DO TEJO,SELADO,SAMORA CORREIA,-3.4
1991-10-01,1991-10-01,418/4,12.62,3.38,135060.0,204980.0,16.0,T7 - ALUVIÕES DO TEJO,SELADO,SAMORA CORREIA,-3.38
1991-12-01,1991-12-01,418/4,12.77,3.23,135060.0,204980.0,16.0,T7 - ALUVIÕES DO TEJO,SELADO,SAMORA CORREIA,-3.23
1992-01-01,1992-01-01,418/4,13.02,2.98,135060.0,204980.0,16.0,T7 - ALUVIÕES DO TEJO,SELADO,SAMORA CORREIA,-2.98
1992-02-01,1992-02-01,418/4,13.12,2.88,135060.0,204980.0,16.0,T7 - ALUVIÕES DO TEJO,SELADO,SAMORA CORREIA,-2.88
1992-03-01,1992-03-01,418/4,13.08,2.92,135060.0,204980.0,16.0,T7 - ALUVIÕES DO TEJO,SELADO,SAMORA CORREIA,-2.92
1992-04-01,1992-04-01,418/4,13.05,2.95,135060.0,204980.0,16.0,T7 - ALUVIÕES DO TEJO,SELADO,SAMORA CORREIA,-2.95
1992-05-01,1992-05-01,418/4,12.83,3.17,135060.0,204980.0,16.0,T7 - ALUVIÕES DO TEJO,SELADO,SAMORA CORREIA,-3.17
1992-07-01,1992-07-01,418/4,12.51,3.49,135060.0,204980.0,16.0,T7 - ALUVIÕES DO TEJO,SELADO,SAMORA CORREIA,-3.49
1992-09-01,1992-09-01,418/4,12.29,3.71,135060.0,204980.0,16.0,T7 - ALUVIÕES DO TEJO,SELADO,SAMORA CORREIA,-3.71
1993-01-01,1993-01-01,418/4,12.45,3.55,135060.0,204980.0,16.0,T7 - ALUVIÕES DO TEJO,SELADO,SAMORA CORREIA,-3.55
1993-02-01,1993-02-01,418/4,12.43,3.57,135060.0,204980.0,16.0,T7 - ALUVIÕES DO TEJO,SELADO,SAMORA CORREIA,-3.57
1993-08-01,1993-08-01,418/4,12.18,3.82,135060.0,204980.0,16.0,T7 - ALUVIÕES DO TEJO,SELADO,SAMORA CORREIA,-3.82
1993-09-01,1993-09-01,418/4,12.16,3.84,135060.0,204980.0,16.0,T7 - ALUVIÕES DO TEJO,SELADO,SAMORA CORREIA,-3.84
1993-10-01,1993-10-01,418/4,12.2,3.8,135060.0,204980.0,16.0,T7 - ALUVIÕES DO TEJO,SELADO,SAMORA CORREIA,-3.8
1993-11-01,1993-11-01,418/4,13.0,3.0,135060.0,204980.0,16.0,T7 - ALUVIÕES DO TEJO,SELADO,SAMORA CORREIA,-3.0
1999-12-01,1999-12-01,418/4,13.52,2.48,135060.0,204980.0,16.0,T7 - ALUVIÕES DO TEJO,SELADO,SAMORA CORREIA,-2.48
2000-01-01,2000-01-01,418/4,13.6,2.4,135060.0,204980.0,16.0,T7 - ALUVIÕES DO TEJO,SELADO,SAMORA CORREIA,-2.4
2000-02-01,2000-02-01,418/4,13.68,2.32,135060.0,204980.0,16.0,T7 - ALUVIÕES DO TEJO,SELADO,SAMORA CORREIA,-2.32
2000-03-01,2000-03-01,418/4,13.55,2.45,135060.0,204980.0,16.0,T7 - ALUVIÕES DO TEJO,SELADO,SAMORA CORREIA,-2.45
2000-04-01,2000-04-01,418/4,13.62,2.38,135060.0,204980.0,16.0,T7 - ALUVIÕES DO TEJO,SELADO,SAMORA CORREIA,-2.38
2000-05-01,2000-05-01,418/4,13.84,2.16,135060.0,204980.0,16.0,T7 - ALUVIÕES DO TEJO,SELADO,SAMORA CORREIA,-2.16
2000-06-01,2000-06-01,418/4,13.47,2.53,135060.0,204980.0,16.0,T7 - ALUVIÕES DO TEJO,SELADO,SAMORA CORREIA,-2.53
2000-07-01,2000-07-01,418/4,13.2,2.8,135060.0,204980.0,16.0,T7 - ALUVIÕES DO TEJO,SELADO,SAMORA CORREIA,-2.8
2000-08-01,2000-08-01,418/4,12.91,3.09,135060.0,204980.0,16.0,T7 - ALUVIÕES DO TEJO,SELADO,SAMORA CORREIA,-3.09
2000-09-01,2000-09-01,418/4,12.79,3.21,135060.0,204980.0,16.0,T7 - ALUVIÕES DO TEJO,SELADO,SAMORA CORREIA,-3.21
2000-10-01,2000-10-01,418/4,12.67,3.33,135060.0,204980.0,16.0,T7 - ALUVIÕES DO TEJO,SELADO,SAMORA CORREIA,-3.33
2000-11-01,2000-11-01,418/4,12.6,3.4,135060.0,204980.0,16.0,T7 - ALUVIÕES DO TEJO,SELADO,SAMORA CORREIA,-3.4
2000-12-01,2000-12-01,418/4,13.44,2.56,135060.0,204980.0,16.0,T7 - ALUVIÕES DO TEJO,SELADO,SAMORA CORREIA,-2.56
2001-02-05,2001-02-05,418/4,14.33,1.67,135060.0,204980.0,16.0,T7 - ALUVIÕES DO TEJO,SELADO,SAMORA CORREIA,-1.67
2001-03-15,2001-03-15,418/4,14.32,1.68,135060.0,204980.0,16.0,T7 - ALUVIÕES DO TEJO,SELADO,SAMORA CORREIA,-1.68
2001-05-07,2001-05-07,418/4,13.94,2.06,135060.0,204980.0,16.0,T7 - ALUVIÕES DO TEJO,SELADO,SAMORA CORREIA,-2.06
2002-04-18,2002-04-18,418/4,14.27,1.73,135060.0,204980.0,16.0,T7 - ALUVIÕES DO TEJO,SELADO,SAMORA CORREIA,-1.73
2002-05-29,2002-05-29,418/4,13.91,2.09,135060.0,204980.0,16.0,T7 - ALUVIÕES DO TEJO,SELADO,SAMORA CORREIA,-2.09
2002-06-18,2002-06-18,418/4,13.8,2.2,135060.0,204980.0,16.0,T7 - ALUVIÕES DO TEJO,SELADO,SAMORA CORREIA,-2.2
2002-07-12,2002-07-12,418/4,13.59,2.41,135060.0,204980.0,16.0,T7 - ALUVIÕES DO TEJO,SELADO,SAMORA CORREIA,-2.41
2003-05-25,2003-05-25,418/4,14.12,1.88,135060.0,204980.0,16.0,T7 - ALUVIÕES DO TEJO,SELADO,SAMORA CORREIA,-1.88
2003-06-23,2003-06-23,418/4,14.21,1.79,135060.0,204980.0,16.0,T7 - ALUVIÕES DO TEJO,SELADO,SAMORA CORREIA,-1.79
2003-07-25,2003-07-25,418/4,13.88,2.12,135060.0,204980.0,16.0,T7 - ALUVIÕES DO TEJO,SELADO,SAMORA CORREIA,-2.12
2003-08-19,2003-08-19,418/4,13.68,2.32,135060.0,204980.0,16.0,T7 - ALUVIÕES DO TEJO,SELADO,SAMORA CORREIA,-2.32
2003-09-23,2003-09-23,418/4,13.47,2.53,135060.0,204980.0,16.0,T7 - ALUVIÕES DO TEJO,SELADO,SAMORA CORREIA,-2.53
2003-10-26,2003-10-26,418/4,13.61,2.39,135060.0,204980.0,16.0,T7 - ALUVIÕES DO TEJO,SELADO,SAMORA CORREIA,-2.39
2003-11-24,2003-11-24,418/4,14.22,1.78,135060.0,204980.0,16.0,T7 - ALUVIÕES DO TEJO,SELADO,SAMORA CORREIA,-1.78
2004-01-02,2004-01-02,418/4,14.6,1.4,135060.0,204980.0,16.0,T7 - ALUVIÕES DO TEJO,SELADO,SAMORA CORREIA,-1.4
2004-09-09,2004-09-09,418/4,13.44,2.56,135060.0,204980.0,16.0,T7 - ALUVIÕES DO TEJO,SELADO,SAMORA CORREIA,-2.56
2005-01-14,2005-01-14,418/4,13.81,2.19,135060.0,204980.0,16.0,T7 - ALUVIÕES DO TEJO,SELADO,SAMORA CORREIA,-2.19
2005-03-23,2005-03-23,418/4,13.7,2.3,135060.0,204980.0,16.0,T7 - ALUVIÕES DO TEJO,SELADO,SAMORA CORREIA,-2.3
2005-04-07,2005-04-07,418/4,13.75,2.25,135060.0,204980.0,16.0,T7 - ALUVIÕES DO TEJO,SELADO,SAMORA CORREIA,-2.25
2005-04-21,2005-04-21,418/4,13.72,2.28,135060.0,204980.0,16.0,T7 - ALUVIÕES DO TEJO,SELADO,SAMORA CORREIA,-2.28
2005-05-05,2005-05-05,418/4,13.66,2.34,135060.0,204980.0,16.0,T7 - ALUVIÕES DO TEJO,SELADO,SAMORA CORREIA,-2.34
2005-05-19,2005-05-19,418/4,13.61,2.39,135060.0,204980.0,16.0,T7 - ALUVIÕES DO TEJO,SELADO,SAMORA CORREIA,-2.39
2005-06-09,2005-06-09,418/4,13.48,2.52,135060.0,204980.0,16.0,T7 - ALUVIÕES DO TEJO,SELADO,SAMORA CORREIA,-2.52
2005-06-23,2005-06-23,418/4,13.43,2.57,135060.0,204980.0,16.0,T7 - ALUVIÕES DO TEJO,SELADO,SAMORA CORREIA,-2.57
2005-07-08,2005-07-08,418/4,13.34,2.66,135060.0,204980.0,16.0,T7 - ALUVIÕES DO TEJO,SELADO,SAMORA CORREIA,-2.66
2005-07-22,2005-07-22,418/4,13.28,2.72,135060.0,204980.0,16.0,T7 - ALUVIÕES DO TEJO,SELADO,SAMORA CORREIA,-2.72
2005-08-05,2005-08-05,418/4,13.24,2.76,135060.0,204980.0,16.0,T7 - ALUVIÕES DO TEJO,SELADO,SAMORA CORREIA,-2.76
2005-08-19,2005-08-19,418/4,13.2,2.8,135060.0,204980.0,16.0,T7 - ALUVIÕES DO TEJO,SELADO,SAMORA CORREIA,-2.8
2005-09-08,2005-09-08,418/4,13.12,2.88,135060.0,204980.0,16.0,T7 - ALUVIÕES DO TEJO,SELADO,SAMORA CORREIA,-2.88
2005-09-22,2005-09-22,418/4,13.1,2.9,135060.0,204980.0,16.0,T7 - ALUVIÕES DO TEJO,SELADO,SAMORA CORREIA,-2.9
2005-10-10,2005-10-10,418/4,13.07,2.93,135060.0,204980.0,16.0,T7 - ALUVIÕES DO TEJO,SELADO,SAMORA CORREIA,-2.93
2005-10-20,2005-10-20,418/4,13.05,2.95,135060.0,204980.0,16.0,T7 - ALUVIÕES DO TEJO,SELADO,SAMORA CORREIA,-2.95
2005-11-09,2005-11-09,418/4,13.32,2.68,135060.0,204980.0,16.0,T7 - ALUVIÕES DO TEJO,SELADO,SAMORA CORREIA,-2.68
2005-11-21,2005-11-21,418/4,13.53,2.47,135060.0,204980.0,16.0,T7 - ALUVIÕES DO TEJO,SELADO,SAMORA CORREIA,-2.47
2005-12-07,2005-12-07,418/4,13.9,2.1,135060.0,204980.0,16.0,T7 - ALUVIÕES DO TEJO,SELADO,SAMORA CORREIA,-2.1
2005-12-23,2005-12-23,418/4,14.01,1.99,135060.0,204980.0,16.0,T7 - ALUVIÕES DO TEJO,SELADO,SAMORA CORREIA,-1.99
2006-01-09,2006-01-09,418/4,14.11,1.89,135060.0,204980.0,16.0,T7 - ALUVIÕES DO TEJO,SELADO,SAMORA CORREIA,-1.89
2006-01-19,2006-01-19,418/4,14.17,1.83,135060.0,204980.0,16.0,T7 - ALUVIÕES DO TEJO,SELADO,SAMORA CORREIA,-1.83
2006-02-13,2006-02-13,418/4,14.29,1.71,135060.0,204980.0,16.0,T7 - ALUVIÕES DO TEJO,SELADO,SAMORA CORREIA,-1.71
2006-03-14,2006-03-14,418/4,14.45,1.55,135060.0,204980.0,16.0,T7 - ALUVIÕES DO TEJO,SELADO,SAMORA CORREIA,-1.55
2006-04-20,2006-04-20,418/4,14.51,1.49,135060.0,204980.0,16.0,T7 - ALUVIÕES DO TEJO,SELADO,SAMORA CORREIA,-1.49
2006-05-18,2006-05-18,418/4,13.93,2.07,135060.0,204980.0,16.0,T7 - ALUVIÕES DO TEJO,SELADO,SAMORA CORREIA,-2.07
2006-06-20,2006-06-20,418/4,14.26,1.74,135060.0,204980.0,16.0,T7 - ALUVIÕES DO TEJO,SELADO,SAMORA CORREIA,-1.74
2006-07-25,2006-07-25,418/4,14.0,2.0,135060.0,204980.0,16.0,T7 - ALUVIÕES DO TEJO,SELADO,SAMORA CORREIA,-2.0
2006-08-30,2006-08-30,418/4,13.63,2.37,135060.0,204980.0,16.0,T7 - ALUVIÕES DO TEJO,SELADO,SAMORA CORREIA,-2.37
2006-09-28,2006-09-28,418/4,13.53,2.47,135060.0,204980.0,16.0,T7 - ALUVIÕES DO TEJO,SELADO,SAMORA CORREIA,-2.47
2006-10-23,2006-10-23,418/4,13.71,2.29,135060.0,204980.0,16.0,T7 - ALUVIÕES DO TEJO,SELADO,SAMORA CORREIA,-2.29
2006-11-23,2006-11-23,418/4,14.86,1.14,135060.0,204980.0,16.0,T7 - ALUVIÕES DO TEJO,SELADO,SAMORA CORREIA,-1.14
2006-12-21,2006-12-21,418/4,15.03,0.97,135060.0,204980.0,16.0,T7 - ALUVIÕES DO TEJO,SELADO,SAMORA CORREIA,-0.97
2007-01-18,2007-01-18,418/4,14.89,1.11,135060.0,204980.0,16.0,T7 - ALUVIÕES DO TEJO,SELADO,SAMORA CORREIA,-1.11
2007-02-23,2007-02-23,418/4,14.95,1.05,135060.0,204980.0,16.0,T7 - ALUVIÕES DO TEJO,SELADO,SAMORA CORREIA,-1.05
2007-03-22,2007-03-22,418/4,14.73,1.27,135060.0,204980.0,16.0,T7 - ALUVIÕES DO TEJO,SELADO,SAMORA CORREIA,-1.27
2007-04-26,2007-04-26,418/4,14.62,1.38,135060.0,204980.0,16.0,T7 - ALUVIÕES DO TEJO,SELADO,SAMORA CORREIA,-1.38
2007-05-24,2007-05-24,418/4,14.42,1.58,135060.0,204980.0,16.0,T7 - ALUVIÕES DO TEJO,SELADO,SAMORA CORREIA,-1.58
2007-06-27,2007-06-27,418/4,14.15,1.85,135060.0,204980.0,16.0,T7 - ALUVIÕES DO TEJO,SELADO,SAMORA CORREIA,-1.85
2007-07-27,2007-07-27,418/4,13.86,2.14,135060.0,204980.0,16.0,T7 - ALUVIÕES DO TEJO,SELADO,SAMORA CORREIA,-2.14
2007-08-30,2007-08-30,418/4,13.59,2.41,135060.0,204980.0,16.0,T7 - ALUVIÕES DO TEJO,SELADO,SAMORA CORREIA,-2.41
2007-09-20,2007-09-20,418/4,13.49,2.51,135060.0,204980.0,16.0,T7 - ALUVIÕES DO TEJO,SELADO,SAMORA CORREIA,-2.51
2007-10-26,2007-10-26,418/4,13.34,2.66,135060.0,204980.0,16.0,T7 - ALUVIÕES DO TEJO,SELADO,SAMORA CORREIA,-2.66
2007-11-22,2007-11-22,418/4,13.33,2.67,135060.0,204980.0,16.0,T7 - ALUVIÕES DO TEJO,SELADO,SAMORA CORREIA,-2.67
2007-12-20,2007-12-20,418/4,13.5,2.5,135060.0,204980.0,16.0,T7 - ALUVIÕES DO TEJO,SELADO,SAMORA CORREIA,-2.5
2008-01-24,2008-01-24,418/4,14.12,1.88,135060.0,204980.0,16.0,T7 - ALUVIÕES DO TEJO,SELADO,SAMORA CORREIA,-1.88
2008-02-21,2008-02-21,418/4,14.39,1.61,135060.0,204980.0,16.0,T7 - ALUVIÕES DO TEJO,SELADO,SAMORA CORREIA,-1.61
2008-03-26,2008-03-26,418/4,14.48,1.52,135060.0,204980.0,16.0,T7 - ALUVIÕES DO TEJO,SELADO,SAMORA CORREIA,-1.52
2008-04-24,2008-04-24,418/4,14.6,1.4,135060.0,204980.0,16.0,T7 - ALUVIÕES DO TEJO,SELADO,SAMORA CORREIA,-1.4
2008-05-21,2008-05-21,418/4,15.41,0.59,135060.0,204980.0,16.0,T7 - ALUVIÕES DO TEJO,SELADO,SAMORA CORREIA,-0.59
2008-06-19,2008-06-19,418/4,14.22,1.78,135060.0,204980.0,16.0,T7 - ALUVIÕES DO TEJO,SELADO,SAMORA CORREIA,-1.78
2008-07-24,2008-07-24,418/4,13.86,2.14,135060.0,204980.0,16.0,T7 - ALUVIÕES DO TEJO,SELADO,SAMORA CORREIA,-2.14
2008-08-21,2008-08-21,418/4,13.62,2.38,135060.0,204980.0,16.0,T7 - ALUVIÕES DO TEJO,SELADO,SAMORA CORREIA,-2.38
2008-09-25,2008-09-25,418/4,13.45,2.55,135060.0,204980.0,16.0,T7 - ALUVIÕES DO TEJO,SELADO,SAMORA CORREIA,-2.55
2008-10-23,2008-10-23,418/4,13.36,2.64,135060.0,204980.0,16.0,T7 - ALUVIÕES DO TEJO,SELADO,SAMORA CORREIA,-2.64
2008-11-19,2008-11-19,418/4,13.34,2.66,135060.0,204980.0,16.0,T7 - ALUVIÕES DO TEJO,SELADO,SAMORA CORREIA,-2.66
2008-12-19,2008-12-19,418/4,13.43,2.57,135060.0,204980.0,16.0,T7 - ALUVIÕES DO TEJO,SELADO,SAMORA CORREIA,-2.57
2009-01-28,2009-01-28,418/4,14.1,1.9,135060.0,204980.0,16.0,T7 - ALUVIÕES DO TEJO,SELADO,SAMORA CORREIA,-1.9
2009-02-26,2009-02-26,418/4,14.66,1.34,135060.0,204980.0,16.0,T7 - ALUVIÕES DO TEJO,SELADO,SAMORA CORREIA,-1.34
2009-03-26,2009-03-26,418/4,14.53,1.47,135060.0,204980.0,16.0,T7 - ALUVIÕES DO TEJO,SELADO,SAMORA CORREIA,-1.47
2009-04-23,2009-04-23,418/4,14.4,1.6,135060.0,204980.0,16.0,T7 - ALUVIÕES DO TEJO,SELADO,SAMORA CORREIA,-1.6
2009-05-22,2009-05-22,418/4,14.26,1.74,135060.0,204980.0,16.0,T7 - ALUVIÕES DO TEJO,SELADO,SAMORA CORREIA,-1.74
2009-06-24,2009-06-24,418/4,14.02,1.98,135060.0,204980.0,16.0,T7 - ALUVIÕES DO TEJO,SELADO,SAMORA CORREIA,-1.98
2009-07-23,2009-07-23,418/4,13.84,2.16,135060.0,204980.0,16.0,T7 - ALUVIÕES DO TEJO,SELADO,SAMORA CORREIA,-2.16
2009-08-21,2009-08-21,418/4,13.59,2.41,135060.0,204980.0,16.0,T7 - ALUVIÕES DO TEJO,SELADO,SAMORA CORREIA,-2.41
2009-09-24,2009-09-24,418/4,13.41,2.59,135060.0,204980.0,16.0,T7 - ALUVIÕES DO TEJO,SELADO,SAMORA CORREIA,-2.59
2009-10-30,2009-10-30,418/4,13.32,2.68,135060.0,204980.0,16.0,T7 - ALUVIÕES DO TEJO,SELADO,SAMORA CORREIA,-2.68
2009-11-19,2009-11-19,418/4,13.33,2.67,135060.0,204980.0,16.0,T7 - ALUVIÕES DO TEJO,SELADO,SAMORA CORREIA,-2.67
2009-12-22,2009-12-22,418/4,13.49,2.51,135060.0,204980.0,16.0,T7 - ALUVIÕES DO TEJO,SELADO,SAMORA CORREIA,-2.51
2010-01-26,2010-01-26,418/4,14.82,1.18,135060.0,204980.0,16.0,T7 - ALUVIÕES DO TEJO,SELADO,SAMORA CORREIA,-1.18
2010-02-18,2010-02-18,418/4,14.92,1.08,135060.0,204980.0,16.0,T7 - ALUVIÕES DO TEJO,SELADO,SAMORA CORREIA,-1.08
2010-03-22,2010-03-22,418/4,15.12,0.88,135060.0,204980.0,16.0,T7 - ALUVIÕES DO TEJO,SELADO,SAMORA CORREIA,-0.88
2010-04-23,2010-04-23,418/4,15.07,0.93,135060.0,204980.0,16.0,T7 - ALUVIÕES DO TEJO,SELADO,SAMORA CORREIA,-0.93
2010-05-24,2010-05-24,418/4,14.68,1.32,135060.0,204980.0,16.0,T7 - ALUVIÕES DO TEJO,SELADO,SAMORA CORREIA,-1.32
2010-06-24,2010-06-24,418/4,14.4,1.6,135060.0,204980.0,16.0,T7 - ALUVIÕES DO TEJO,SELADO,SAMORA CORREIA,-1.6
2010-07-26,2010-07-26,418/4,14.07,1.93,135060.0,204980.0,16.0,T7 - ALUVIÕES DO TEJO,SELADO,SAMORA CORREIA,-1.93
2010-08-19,2010-08-19,418/4,13.84,2.16,135060.0,204980.0,16.0,T7 - ALUVIÕES DO TEJO,SELADO,SAMORA CORREIA,-2.16
2010-09-24,2010-09-24,418/4,13.58,2.42,135060.0,204980.0,16.0,T7 - ALUVIÕES DO TEJO,SELADO,SAMORA CORREIA,-2.42
2010-10-18,2010-10-18,418/4,13.62,2.38,135060.0,204980.0,16.0,T7 - ALUVIÕES DO TEJO,SELADO,SAMORA CORREIA,-2.38
2010-11-11,2010-11-11,418/4,13.89,2.11,135060.0,204980.0,16.0,T7 - ALUVIÕES DO TEJO,SELADO,SAMORA CORREIA,-2.11
2010-12-16,2010-12-16,418/4,14.56,1.44,135060.0,204980.0,16.0,T7 - ALUVIÕES DO TEJO,SELADO,SAMORA CORREIA,-1.44
2011-01-17,2011-01-17,418/4,14.38,1.62,135060.0,204980.0,16.0,T7 - ALUVIÕES DO TEJO,SELADO,SAMORA CORREIA,-1.62
2011-02-07,2011-02-07,418/4,14.87,1.13,135060.0,204980.0,16.0,T7 - ALUVIÕES DO TEJO,SELADO,SAMORA CORREIA,-1.13
2011-03-07,2011-03-07,418/4,15.08,0.92,135060.0,204980.0,16.0,T7 - ALUVIÕES DO TEJO,SELADO,SAMORA CORREIA,-0.92
2011-04-11,2011-04-11,418/4,14.81,1.19,135060.0,204980.0,16.0,T7 - ALUVIÕES DO TEJO,SELADO,SAMORA CORREIA,-1.19
2011-05-05,2011-05-05,418/4,14.95,1.05,135060.0,204980.0,16.0,T7 - ALUVIÕES DO TEJO,SELADO,SAMORA CORREIA,-1.05
2011-06-09,2011-06-09,418/4,14.71,1.29,135060.0,204980.0,16.0,T7 - ALUVIÕES DO TEJO,SELADO,SAMORA CORREIA,-1.29
2011-07-07,2011-07-07,418/4,14.36,1.64,135060.0,204980.0,16.0,T7 - ALUVIÕES DO TEJO,SELADO,SAMORA CORREIA,-1.64
2011-08-04,2011-08-04,418/4,14.12,1.88,135060.0,204980.0,16.0,T7 - ALUVIÕES DO TEJO,SELADO,SAMORA CORREIA,-1.88
2011-09-12,2011-09-12,418/4,13.8,2.2,135060.0,204980.0,16.0,T7 - ALUVIÕES DO TEJO,SELADO,SAMORA CORREIA,-2.2
2011-10-04,2011-10-04,418/4,13.67,2.33,135060.0,204980.0,16.0,T7 - ALUVIÕES DO TEJO,SELADO,SAMORA CORREIA,-2.33
2011-11-14,2011-11-14,418/4,14.28,1.72,135060.0,204980.0,16.0,T7 - ALUVIÕES DO TEJO,SELADO,SAMORA CORREIA,-1.72
2011-12-07,2011-12-07,418/4,14.59,1.41,135060.0,204980.0,16.0,T7 - ALUVIÕES DO TEJO,SELADO,SAMORA CORREIA,-1.41
2012-01-05,2012-01-05,418/4,14.49,1.51,135060.0,204980.0,16.0,T7 - ALUVIÕES DO TEJO,SELADO,SAMORA CORREIA,-1.51
2012-02-02,2012-02-02,418/4,14.51,1.49,135060.0,204980.0,16.0,T7 - ALUVIÕES DO TEJO,SELADO,SAMORA CORREIA,-1.49
2012-03-05,2012-03-05,418/4,14.41,1.59,135060.0,204980.0,16.0,T7 - ALUVIÕES DO TEJO,SELADO,SAMORA CORREIA,-1.59
2012-04-05,2012-04-05,418/4,14.4,1.6,135060.0,204980.0,16.0,T7 - ALUVIÕES DO TEJO,SELADO,SAMORA CORREIA,-1.6
2012-05-09,2012-05-09,418/4,14.4,1.6,135060.0,204980.0,16.0,T7 - ALUVIÕES DO TEJO,SELADO,SAMORA CORREIA,-1.6
2012-07-10,2012-07-10,418/4,13.96,2.04,135060.0,204980.0,16.0,T7 - ALUVIÕES DO TEJO,SELADO,SAMORA CORREIA,-2.04
2012-08-03,2012-08-03,418/4,13.79,2.21,135060.0,204980.0,16.0,T7 - ALUVIÕES DO TEJO,SELADO,SAMORA CORREIA,-2.21
2012-09-20,2012-09-20,418/4,13.52,2.48,135060.0,204980.0,16.0,T7 - ALUVIÕES DO TEJO,SELADO,SAMORA CORREIA,-2.48
2012-11-06,2012-11-06,418/4,13.44,2.56,135060.0,204980.0,16.0,T7 - ALUVIÕES DO TEJO,SELADO,SAMORA CORREIA,-2.56
2012-12-07,2012-12-07,418/4,14.35,1.65,135060.0,204980.0,16.0,T7 - ALUVIÕES DO TEJO,SELADO,SAMORA CORREIA,-1.65
2013-01-03,2013-01-03,418/4,14.59,1.41,135060.0,204980.0,16.0,T7 - ALUVIÕES DO TEJO,SELADO,SAMORA CORREIA,-1.41
2013-02-07,2013-02-07,418/4,14.72,1.28,135060.0,204980.0,16.0,T7 - ALUVIÕES DO TEJO,SELADO,SAMORA CORREIA,-1.28
2013-03-18,2013-03-18,418/4,14.94,1.06,135060.0,204980.0,16.0,T7 - ALUVIÕES DO TEJO,SELADO,SAMORA CORREIA,-1.06
2013-04-19,2013-04-19,418/4,14.96,1.04,135060.0,204980.0,16.0,T7 - ALUVIÕES DO TEJO,SELADO,SAMORA CORREIA,-1.04
2013-05-15,2013-05-15,418/4,14.5,1.5,135060.0,204980.0,16.0,T7 - ALUVIÕES DO TEJO,SELADO,SAMORA CORREIA,-1.5
2013-06-04,2013-06-04,418/4,14.47,1.53,135060.0,204980.0,16.0,T7 - ALUVIÕES DO TEJO,SELADO,SAMORA CORREIA,-1.53
2013-07-11,2013-07-11,418/4,14.05,1.95,135060.0,204980.0,16.0,T7 - ALUVIÕES DO TEJO,SELADO,SAMORA CORREIA,-1.95
2013-08-12,2013-08-12,418/4,13.79,2.21,135060.0,204980.0,16.0,T7 - ALUVIÕES DO TEJO,SELADO,SAMORA CORREIA,-2.21
2013-09-05,2013-09-05,418/4,13.58,2.42,135060.0,204980.0,16.0,T7 - ALUVIÕES DO TEJO,SELADO,SAMORA CORREIA,-2.42
2013-10-09,2013-10-09,418/4,13.47,2.53,135060.0,204980.0,16.0,T7 - ALUVIÕES DO TEJO,SELADO,SAMORA CORREIA,-2.53
2013-11-14,2013-11-14,418/4,13.98,2.02,135060.0,204980.0,16.0,T7 - ALUVIÕES DO TEJO,SELADO,SAMORA CORREIA,-2.02
2013-12-03,2013-12-03,418/4,13.87,2.13,135060.0,204980.0,16.0,T7 - ALUVIÕES DO TEJO,SELADO,SAMORA CORREIA,-2.13
2014-01-14,2014-01-14,418/4,14.41,1.59,135060.0,204980.0,16.0,T7 - ALUVIÕES DO TEJO,SELADO,SAMORA CORREIA,-1.59
2014-02-13,2014-02-13,418/4,14.96,1.04,135060.0,204980.0,16.0,T7 - ALUVIÕES DO TEJO,SELADO,SAMORA CORREIA,-1.04
2014-03-31,2014-03-31,418/4,15.52,0.48,135060.0,204980.0,16.0,T7 - ALUVIÕES DO TEJO,SELADO,SAMORA CORREIA,-0.48
2014-05-16,2014-05-16,418/4,15.32,0.68,135060.0,204980.0,16.0,T7 - ALUVIÕES DO TEJO,SELADO,SAMORA CORREIA,-0.68
2014-06-09,2014-06-09,418/4,15.13,0.87,135060.0,204980.0,16.0,T7 - ALUVIÕES DO TEJO,SELADO,SAMORA CORREIA,-0.87
2014-07-11,2014-07-11,418/4,14.2,1.8,135060.0,204980.0,16.0,T7 - ALUVIÕES DO TEJO,SELADO,SAMORA CORREIA,-1.8
2014-08-26,2014-08-26,418/4,13.78,2.22,135060.0,204980.0,16.0,T7 - ALUVIÕES DO TEJO,SELADO,SAMORA CORREIA,-2.22
2014-10-02,2014-10-02,418/4,13.7,2.3,135060.0,204980.0,16.0,T7 - ALUVIÕES DO TEJO,SELADO,SAMORA CORREIA,-2.3
2014-11-21,2014-11-21,418/4,14.37,1.63,135060.0,204980.0,16.0,T7 - ALUVIÕES DO TEJO,SELADO,SAMORA CORREIA,-1.63
2015-01-08,2015-01-08,418/4,14.7,1.3,135060.0,204980.0,16.0,T7 - ALUVIÕES DO TEJO,SELADO,SAMORA CORREIA,-1.3
2015-02-11,2015-02-11,418/4,14.76,1.24,135060.0,204980.0,16.0,T7 - ALUVIÕES DO TEJO,SELADO,SAMORA CORREIA,-1.24
2015-03-09,2015-03-09,418/4,14.65,1.35,135060.0,204980.0,16.0,T7 - ALUVIÕES DO TEJO,SELADO,SAMORA CORREIA,-1.35
2015-04-13,2015-04-13,418/4,14.55,1.45,135060.0,204980.0,16.0,T7 - ALUVIÕES DO TEJO,SELADO,SAMORA CORREIA,-1.45
2015-05-25,2015-05-25,418/4,14.24,1.76,135060.0,204980.0,16.0,T7 - ALUVIÕES DO TEJO,SELADO,SAMORA CORREIA,-1.76
2015-06-22,2015-06-22,418/4,13.97,2.03,135060.0,204980.0,16.0,T7 - ALUVIÕES DO TEJO,SELADO,SAMORA CORREIA,-2.03
2015-07-17,2015-07-17,418/4,13.73,2.27,135060.0,204980.0,16.0,T7 - ALUVIÕES DO TEJO,SELADO,SAMORA CORREIA,-2.27
2015-08-17,2015-08-17,418/4,13.49,2.51,135060.0,204980.0,16.0,T7 - ALUVIÕES DO TEJO,SELADO,SAMORA CORREIA,-2.51
2015-09-22,2015-09-22,418/4,13.32,2.68,135060.0,204980.0,16.0,T7 - ALUVIÕES DO TEJO,SELADO,SAMORA CORREIA,-2.68
2015-10-13,2015-10-13,418/4,13.32,2.68,135060.0,204980.0,16.0,T7 - ALUVIÕES DO TEJO,SELADO,SAMORA CORREIA,-2.68
2016-02-18,2016-02-18,418/4,14.23,1.77,135060.0,204980.0,16.0,T7 - ALUVIÕES DO TEJO,SELADO,SAMORA CORREIA,-1.77
2016-04-15,2016-04-15,418/4,14.38,1.62,135060.0,204980.0,16.0,T7 - ALUVIÕES DO TEJO,SELADO,SAMORA CORREIA,-1.62
2016-05-20,2016-05-20,418/4,14.78,1.22,135060.0,204980.0,16.0,T7 - ALUVIÕES DO TEJO,SELADO,SAMORA CORREIA,-1.22
2016-06-21,2016-06-21,418/4,14.48,1.52,135060.0,204980.0,16.0,T7 - ALUVIÕES DO TEJO,SELADO,SAMORA CORREIA,-1.52
2016-07-15,2016-07-15,418/4,14.21,1.79,135060.0,204980.0,16.0,T7 - ALUVIÕES DO TEJO,SELADO,SAMORA CORREIA,-1.79
2016-08-23,2016-08-23,418/4,13.87,2.13,135060.0,204980.0,16.0,T7 - ALUVIÕES DO TEJO,SELADO,SAMORA CORREIA,-2.13
2016-10-12,2016-10-12,418/4,13.6,2.4,135060.0,204980.0,16.0,T7 - ALUVIÕES DO TEJO,SELADO,SAMORA CORREIA,-2.4
2016-11-28,2016-11-28,418/4,13.79,2.21,135060.0,204980.0,16.0,T7 - ALUVIÕES DO TEJO,SELADO,SAMORA CORREIA,-2.21
2016-12-28,2016-12-28,418/4,14.4,1.6,135060.0,204980.0,16.0,T7 - ALUVIÕES DO TEJO,SELADO,SAMORA CORREIA,-1.6
2017-01-17,2017-01-17,418/4,14.49,1.51,135060.0,204980.0,16.0,T7 - ALUVIÕES DO TEJO,SELADO,SAMORA CORREIA,-1.51
2017-02-17,2017-02-17,418/4,14.74,1.26,135060.0,204980.0,16.0,T7 - ALUVIÕES DO TEJO,SELADO,SAMORA CORREIA,-1.26
2017-03-23,2017-03-23,418/4,14.65,1.35,135060.0,204980.0,16.0,T7 - ALUVIÕES DO TEJO,SELADO,SAMORA CORREIA,-1.35
2017-04-24,2017-04-24,418/4,14.5,1.5,135060.0,204980.0,16.0,T7 - ALUVIÕES DO TEJO,SELADO,SAMORA CORREIA,-1.5
2017-05-25,2017-05-25,418/4,14.35,1.65,135060.0,204980.0,16.0,T7 - ALUVIÕES DO TEJO,SELADO,SAMORA CORREIA,-1.65
2017-06-26,2017-06-26,418/4,14.06,1.94,135060.0,204980.0,16.0,T7 - ALUVIÕES DO TEJO,SELADO,SAMORA CORREIA,-1.94
2017-07-24,2017-07-24,418/4,13.83,2.17,135060.0,204980.0,16.0,T7 - ALUVIÕES DO TEJO,SELADO,SAMORA CORREIA,-2.17
2017-08-23,2017-08-23,418/4,13.62,2.38,135060.0,204980.0,16.0,T7 - ALUVIÕES DO TEJO,SELADO,SAMORA CORREIA,-2.38
2017-10-20,2017-10-20,418/4,13.36,2.64,135060.0,204980.0,16.0,T7 - ALUVIÕES DO TEJO,SELADO,SAMORA CORREIA,-2.64
2017-11-28,2017-11-28,418/4,13.32,2.68,135060.0,204980.0,16.0,T7 - ALUVIÕES DO TEJO,SELADO,SAMORA CORREIA,-2.68
2017-12-27,2017-12-27,418/4,13.51,2.49,135060.0,204980.0,16.0,T7 - ALUVIÕES DO TEJO,SELADO,SAMORA CORREIA,-2.49
2018-01-26,2018-01-26,418/4,13.7,2.3,135060.0,204980.0,16.0,T7 - ALUVIÕES DO TEJO,SELADO,SAMORA CORREIA,-2.3
2018-02-26,2018-02-26,418/4,13.78,2.22,135060.0,204980.0,16.0,T7 - ALUVIÕES DO TEJO,SELADO,SAMORA CORREIA,-2.22
2018-03-22,2018-03-22,418/4,14.4,1.6,135060.0,204980.0,16.0,T7 - ALUVIÕES DO TEJO,SELADO,SAMORA CORREIA,-1.6
2018-04-24,2018-04-24,418/4,14.61,1.39,135060.0,204980.0,16.0,T7 - ALUVIÕES DO TEJO,SELADO,SAMORA CORREIA,-1.39
2018-05-25,2018-05-25,418/4,14.42,1.58,135060.0,204980.0,16.0,T7 - ALUVIÕES DO TEJO,SELADO,SAMORA CORREIA,-1.58
2018-06-22,2018-06-22,418/4,14.2,1.8,135060.0,204980.0,16.0,T7 - ALUVIÕES DO TEJO,SELADO,SAMORA CORREIA,-1.8
2018-07-27,2018-07-27,418/4,13.93,2.07,135060.0,204980.0,16.0,T7 - ALUVIÕES DO TEJO,SELADO,SAMORA CORREIA,-2.07
2018-08-31,2018-08-31,418/4,13.68,2.32,135060.0,204980.0,16.0,T7 - ALUVIÕES DO TEJO,SELADO,SAMORA CORREIA,-2.32
2018-10-30,2018-10-30,418/4,13.41,2.59,135060.0,204980.0,16.0,T7 - ALUVIÕES DO TEJO,SELADO,SAMORA CORREIA,-2.59
2018-11-27,2018-11-27,418/4,13.55,2.45,135060.0,204980.0,16.0,T7 - ALUVIÕES DO TEJO,SELADO,SAMORA CORREIA,-2.45
2018-12-27,2018-12-27,418/4,13.92,2.08,135060.0,204980.0,16.0,T7 - ALUVIÕES DO TEJO,SELADO,SAMORA CORREIA,-2.08
2019-01-28,2019-01-28,418/4,13.93,2.07,135060.0,204980.0,16.0,T7 - ALUVIÕES DO TEJO,SELADO,SAMORA CORREIA,-2.07
2019-03-29,2019-03-29,418/4,13.92,2.08,135060.0,204980.0,16.0,T7 - ALUVIÕES DO TEJO,SELADO,SAMORA CORREIA,-2.08
2019-04-24,2019-04-24,418/4,13.85,2.15,135060.0,204980.0,16.0,T7 - ALUVIÕES DO TEJO,SELADO,SAMORA CORREIA,-2.15
2019-05-27,2019-05-27,418/4,13.7,2.3,135060.0,204980.0,16.0,T7 - ALUVIÕES DO TEJO,SELADO,SAMORA CORREIA,-2.3
2019-06-25,2019-06-25,418/4,13.6,2.4,135060.0,204980.0,16.0,T7 - ALUVIÕES DO TEJO,SELADO,SAMORA CORREIA,-2.4
2019-07-25,2019-07-25,418/4,13.49,2.51,135060.0,204980.0,16.0,T7 - ALUVIÕES DO TEJO,SELADO,SAMORA CORREIA,-2.51
2019-09-18,2019-09-18,418/4,13.27,2.73,135060.0,204980.0,16.0,T7 - ALUVIÕES DO TEJO,SELADO,SAMORA CORREIA,-2.73
2020-01-24,2020-01-24,418/4,13.8,2.2,135060.0,204980.0,16.0,T7 - ALUVIÕES DO TEJO,SELADO,SAMORA CORREIA,-2.2
2020-02-24,2020-02-24,418/4,13.87,2.13,135060.0,204980.0,16.0,T7 - ALUVIÕES DO TEJO,SELADO,SAMORA CORREIA,-2.13
